,AGOP,PCA,MI,SHAP,Perm
num__GrLivArea,2.0,0.0007298735270464,0.4399679834605146,8360.655328196342,550754649.6
num__OverallQual,1.5543642,0.0019287104797433,0.5334505321864471,9395.297976009557,566868486.4
num__TotalBsmtSF,1.0460011,0.0011053269852505,0.3367966663145747,6640.72908702555,383200057.6
num__1stFlrSF,0.87998307,0.0007311940993881,0.2930559093231175,5431.339927796807,285026336.0
num__2ndFlrSF,0.7623565,8.697879548506182e-05,0.225885724595428,6224.030160084903,321157913.6
num__OverallCond,0.7092012,0.0001650582572839,0.101753972988134,4885.24311155108,142024246.4
num__BsmtFinSF1,0.5848568,0.0003150335400555,0.1581729161158991,5123.082361354878,265049395.2
num__LotArea,0.5202134,5.651009223477746e-05,0.165132829856784,1781.3137073879857,148380243.2
num__Fireplaces,0.43119022,0.0004099716792692,0.1727132208536466,3478.1757496611017,119050112.0
num__TotRmsAbvGrd,0.426821,0.0003250250829881,0.1802530536919424,2753.4921988085066,149023673.6
num__GarageCars,0.34676552,0.0016039247640606,0.366157741618246,2917.4505898259117,99313923.2
num__FullBath,0.34132534,0.0010730682554565,0.2496615545269416,3565.6271349707467,126073625.6
cat__Neighborhood_Crawfor,0.2982391,1.6668755815262126e-05,0.0189827952839596,261.3448741259986,6792988.8
num__3SsnPorch,0.29323497,7.442422537948593e-06,0.0,304.65675631421266,16020692.8
num__HalfBath,0.2708003,0.0002628578386092,0.0861820960686232,2825.620039472744,69976432.0
num__YearRemodAdd,0.2393511,0.0015002240496941,0.2489640314609436,2929.9456333119306,106809084.8
num__YearBuilt,0.23722643,0.002303319845009,0.3282565523204046,3456.0153358126454,118846473.6
num__LotFrontage,0.21574628,0.0002208130283095,0.170452850829883,1414.4470555436644,52856611.2
cat__Neighborhood_Edwards,0.214363,0.0001371529702825,0.0338243600066707,472.4090209403537,964171.2
num__PoolArea,0.20918861,1.4118245911052127e-05,0.0,590.5251427119008,49189276.8
cat__BsmtExposure_Gd,0.18858016,9.78331717261431e-05,0.0272148639016809,710.9416164026825,35548620.8
num__OpenPorchSF,0.1765764,0.0002723345390669,0.1639620092766538,930.661319973602,62304198.4
num__ScreenPorch,0.16189826,2.129677073186489e-06,0.0088931465686905,618.5151091787958,42123993.6
num__BsmtFullBath,0.15991504,0.0001498624662356,0.015673850741438,2268.635333261984,59724665.6
cat__Functional_Typ,0.15983331,0.0001200916113654,0.0207471688732974,509.18916468678646,7486366.4
num__BedroomAbvGr,0.15787567,3.876720208905187e-07,0.0571323838728226,1687.2702501783667,90361008.0
cat__BsmtQual_Ex,0.15670508,0.0005977356301588,0.107056852248671,855.912760987443,31591732.8
cat__Foundation_PConc,0.1541223,0.0015063295705196,0.1784588620078742,1891.987203767124,31784012.8
cat__MSZoning_RM,0.15266806,0.0005241299956109,0.099642431421566,884.8056838969744,8183288.0
cat__Foundation_CBlock,0.1486747,0.0004737019536371,0.0927173375509557,1625.3598322274545,22663600.0
num__BsmtFinSF2,0.14519173,7.510547544518453e-06,0.0030794861110166,737.068888127854,21320449.6
cat__BsmtExposure_No,0.13719635,0.000180217614848,0.0136432169220341,1375.6175487478597,34062816.0
num__MasVnrArea,0.13397492,0.0006268669532333,0.069675520338766,1289.8599740653538,87875216.0
num__BsmtHalfBath,0.13344769,1.0392310654971507e-05,0.0,241.52806385559344,7578385.6
cat__BsmtFinType1_GLQ,0.123419404,0.0008657952686354,0.1082988935261071,1245.907816210046,18425332.8
num__GarageArea,0.12268002,0.0014146285248959,0.3698075719644542,1537.5178352597022,73921728.0
cat__Exterior1st_BrkFace,0.12181105,1.3587736216491215e-05,0.0,149.46353415739148,3521827.2
cat__Alley_Pave,0.11516523,3.5791572547197964e-06,0.0130310956599142,114.50126088042214,827174.4
cat__Condition1_Artery,0.11422816,0.0001203192590408,0.0178746612530378,192.6009755458049,1609334.4
cat__LandContour_HLS,0.112425774,1.906223063215059e-05,0.0119335353390901,209.25496370219733,6173510.4
cat__BsmtQual_Gd,0.105036214,0.0008233716892239,0.1526898707951471,480.9119122966613,21293084.8
cat__SaleType_New,0.10289334,0.000558589319562,0.0552871972551143,524.5120944099602,18333036.8
cat__SaleCondition_Partial,0.100868925,0.0005629379909784,0.0659749295403129,561.4662427404394,18112577.6
cat__KitchenQual_Ex,0.09962324,0.0003941277069477,0.0900231978861305,473.53800151612415,23878956.8
cat__Condition1_Norm,0.09886715,7.510053808819734e-05,0.004744330532747,761.5072166095891,3085800.0
cat__LotShape_Reg,0.09241408,0.0002694072360146,0.0822741800669599,907.9073655108446,16410044.8
cat__LandContour_Lvl,0.09091899,2.9806504131647183e-05,0.0190819382492588,450.3092681399826,13683702.4
cat__Neighborhood_StoneBr,0.09070978,7.98226029231768e-05,0.0128433471115261,133.3133005136983,6178403.2
cat__Neighborhood_Somerst,0.08937033,0.0001802966234004,0.0350090999401411,664.3973941388417,2314408.0
cat__HeatingQC_TA,0.08263043,0.0005628326511161,0.1075300650110955,686.2734292594172,6559416.0
cat__Alley_None,0.081825174,0.0002059237550944,0.0139614327718515,143.69294570490868,1039070.4
cat__MSZoning_RL,0.08175969,0.0003220246866006,0.054932486718259,587.2948200627856,3983483.2
num__KitchenAbvGr,0.08164882,0.0001977547351703,0.0210155047238544,928.0976904787394,32966969.6
cat__BsmtCond_Fa,0.07920881,0.000192037529078,0.0218129025966113,111.50210416666658,920891.2
num__GarageYrBlt,0.07816662,0.0016487477583746,0.2727891524243495,1068.3995904323633,45923584.0
cat__BsmtQual_TA,0.07678445,0.0011665365240117,0.1780309201712089,1188.0525226883562,15241739.2
cat__LotConfig_CulDSac,0.07526079,6.95051179112457e-05,0.0296927735117711,238.1304160423803,6406777.6
cat__ExterQual_Ex,0.07486344,0.0002805321066977,0.0627970793856977,190.47896848244872,15925086.4
num__YrSold,0.07094168,1.1255000153457094e-09,0.0165402116346187,554.9251448523117,25394204.8
cat__MSSubClass_30,0.069648385,0.0002815393950011,0.059243690036568,225.6631510059932,884784.0
cat__GarageFinish_Unf,0.06550042,0.0010182995214073,0.1479203937880449,785.933304348601,6177694.4
cat__BsmtCond_TA,0.06342162,0.0001466112961815,0.0,243.32280013912643,2107809.6
cat__SaleType_COD,0.06228999,1.7772701573962992e-05,0.0074322894997338,91.58012357305934,911286.4
cat__SaleType_WD,0.061443135,0.0002488342724374,0.0295327620811254,483.1310565068496,13635403.2
cat__HeatingQC_Ex,0.05983416,0.0010991634878242,0.1265706295838014,729.8760006777965,11318614.4
cat__BsmtFinType1_Unf,0.0580951,3.2397822941682345e-06,0.0014351467323354,458.9164456870717,3214441.6
cat__GarageFinish_RFn,0.05533304,0.0003949161341351,0.0745172490264085,617.8811523080765,3508168.0
cat__KitchenQual_TA,0.053553216,0.0011050591529536,0.1950755766226735,773.7420944456336,14947915.2
cat__Neighborhood_NAmes,0.050484028,0.0001053529294309,0.0596298999262592,351.5980634810214,6857654.4
num__BsmtUnfSF,0.05033097,0.0002512749777869,0.1446405219612776,1224.892729666096,40704476.8
num__EnclosedPorch,0.049623936,0.0002586391021662,0.0216920542045988,288.73946079480567,9169099.2
num__MoSold,0.049371034,3.872371500304639e-06,0.0,424.24747977311625,14849345.6
num__Id,0.049091555,5.483064030264058e-07,0.0091958587752958,368.90893166738,18075462.4
cat__SaleCondition_Abnorml,0.048962615,4.801238613269739e-05,0.0152720771964653,203.55367062642688,3250931.2
cat__MSSubClass_70,0.047197267,0.0001208980115459,0.0012471771906337,110.1847473066497,1638720.0
cat__BldgType_1Fam,0.04713749,6.99829675616055e-06,0.0263956152215616,564.7274474172374,7486288.0
cat__MSZoning_FV,0.046121046,0.0001046325904126,0.036906533980102,352.7375700984589,1360380.8
cat__ExterQual_TA,0.044741243,0.0015652533343313,0.2459477191665431,724.093038384704,14579302.4
cat__KitchenQual_Gd,0.04447215,0.0008617094233774,0.1441206042947169,362.2603606414093,10291233.6
cat__MSSubClass_160,0.044068933,8.701896192408018e-07,0.0278285185347759,219.9548880029968,1683987.2
cat__Exterior2nd_CmentBd,0.04241522,4.864973909838685e-05,0.0178829428858089,109.87509282248816,5768878.4
num__WoodDeckSF,0.042402055,0.0003280068166747,0.0922447560494701,434.1811517016267,16893040.0
cat__LotShape_IR2,0.042259365,3.0449205779623477e-05,0.0127095217620083,96.26304682148948,1164072.0
num__MiscVal,0.041757986,1.1348136633434873e-05,0.0010319726334626,173.36604459189516,6298081.6
cat__SaleCondition_Family,0.0387392,3.774099424122895e-06,0.0,44.23778174942935,424574.4
cat__Exterior1st_CemntBd,0.037778545,4.679172468644104e-05,0.0314349216431599,108.98906810074205,5697246.4
cat__Exterior2nd_Plywood,0.036257144,9.818076750023598e-06,0.0218413748444632,155.17850351384115,3244387.2
cat__ExterQual_Gd,0.035994783,0.0013199056968365,0.2101116869787955,321.625617223174,8247238.4
cat__MSSubClass_60,0.03458642,0.0006626767674108,0.1264686482093797,383.8539564604742,5023348.8
cat__Neighborhood_BrkSide,0.03452036,0.0002080993769033,0.0292644583716326,111.492982305936,717691.2
cat__HouseStyle_1Story,0.03436786,7.69662700594481e-06,0.0156008292306122,260.6649449736016,2220816.0
cat__Exterior2nd_Stucco,0.034082547,3.716285897317723e-05,0.0035393165536563,30.17739690353855,276371.2
cat__ExterCond_Gd,0.03397845,5.946870887197028e-05,0.0104526447708142,308.7848885380995,1149683.2
cat__RoofStyle_Gable,0.033336226,3.7162492917490354e-05,0.0330366666771004,213.72596050941792,939219.2
num__LowQualFinSF,0.032466233,4.557254570078741e-05,0.0,51.76043214897236,9691867.2
cat__LandSlope_Gtl,0.03206598,9.154475632745992e-06,0.01309620460829,146.99464861586753,729824.0
cat__Fence_None,0.030880215,0.0001807237139037,0.0321449692958524,211.31267908105,1588163.2
cat__BsmtFinType1_ALQ,0.029917194,3.5204677361954955e-05,0.041702746831667,227.0473222031967,4047032.0
cat__ExterCond_TA,0.0288321,0.0001801419252582,0.0046262224989686,311.354179830194,1463337.6
cat__Neighborhood_Sawyer,0.028251149,3.080616813605559e-05,0.0106765517689391,160.87336695562232,1228377.6
cat__FireplaceQu_Gd,0.028013913,0.000220060048482,0.0683594530645381,387.9825338363301,5297094.4
cat__Exterior1st_VinylSd,0.0279565,0.0009807176163707,0.086158895485134,409.8320303224887,8437672.0
cat__Electrical_FuseA,0.026967725,0.0003049567158434,0.0220867361405938,122.3320169449203,604505.6
cat__Exterior1st_WdShing,0.026877563,2.3060902879066897e-05,0.0,36.24313654038215,242726.4
cat__MasVnrType_BrkFace,0.026853723,0.0002867316653655,0.0415762179832499,201.1582134346462,8368211.2
cat__HouseStyle_2Story,0.026736274,0.0002063159776475,0.0529458566514382,449.28922165739095,5909436.8
cat__CentralAir_N,0.026413703,0.0006851976594082,0.0715710431631779,137.8948528110732,1172187.2
cat__CentralAir_Y,0.026413629,0.0006851976594082,0.0671294234833892,138.26753009061068,1172126.4
cat__PavedDrive_N,0.0259658,0.0004882230857278,0.0344822253700698,147.64039108875602,606120.0
cat__LotShape_IR1,0.025908576,0.0001956218224082,0.0510106281795983,170.827781767266,2937224.0
cat__Fence_GdWo,0.02468627,5.293977488600318e-05,0.0110324527930949,40.48930167308816,316216.0
cat__PavedDrive_Y,0.024314892,0.0005602186737115,0.0218966316149611,181.1186193635847,1295817.6
cat__Neighborhood_CollgCr,0.024265612,0.0002237968188105,0.0454415202852638,228.5375262378713,2918488.0
cat__SaleCondition_Normal,0.023817018,0.0001179096621871,0.0130891332519109,153.00015204052545,5387940.8
cat__BldgType_TwnhsE,0.02322272,0.0001035857362615,0.0041321956465059,210.1578948701486,1636860.8
cat__BsmtExposure_Av,0.022779,0.0002249771804444,0.033715497176501,137.0921995933215,3286150.4
cat__Exterior1st_HdBoard,0.022721646,9.664570707463686e-06,0.029894190114978,296.1373082013414,4347124.8
cat__Neighborhood_MeadowV,0.02258888,7.93386671290956e-06,0.0150233791735852,23.386775167665537,132536.0
cat__BsmtFinType2_BLQ,0.022389319,5.828634327001465e-06,0.0020188685711868,51.30706428367623,193606.4
cat__Functional_Mod,0.02230488,2.5716504632066256e-05,0.0,5.316085206192929,121131.2
cat__Exterior2nd_VinylSd,0.020522952,0.0009675942747627,0.0900244731096895,416.22477602383015,5824208.0
cat__LandSlope_Mod,0.020331485,8.808226695141514e-06,0.0184447176993245,102.83696912457164,547753.6
cat__MSSubClass_50,0.020209594,0.0003383532100901,0.0448247306294777,196.245415614298,937078.4
cat__Neighborhood_Mitchel,0.019826492,9.460068291800828e-07,0.012850922606193,55.0817773972601,925075.2
cat__RoofStyle_Hip,0.019315226,6.721156845787997e-05,0.0101561955481754,213.6680119149542,262044.8
cat__GarageType_BuiltIn,0.019314224,0.0001747738601513,0.0177464529766273,113.13326756920694,6462432.0
cat__LotConfig_Inside,0.01913752,9.598079662125722e-06,0.0232785968950925,219.59732814283703,2433905.6
cat__MasVnrType_None,0.018708259,0.0007571460368031,0.0811206706773708,426.4086224671802,3103516.8
cat__FireplaceQu_None,0.018220996,0.0005690000944157,0.1762608692591298,81.67834392836771,3313742.4
cat__LotConfig_FR2,0.018057248,9.701749341528666e-06,0.0017526973489954,72.65324502354454,704499.2
cat__Exterior2nd_MetalSd,0.01779365,0.0001685548536056,0.0295109380166909,109.235822006992,1367024.0
cat__Neighborhood_IDOTRR,0.017342513,0.0001818409626403,0.0149609104067995,45.18368280893223,93155.2
cat__Exterior1st_Plywood,0.015828129,2.470461744710409e-07,0.0137094674141897,106.06698578410416,1705256.0
cat__Exterior1st_MetalSd,0.01572416,0.0001842649904091,0.0404508864949102,127.08236023116444,1316892.8
cat__HeatingQC_Fa,0.015717177,0.0001601366641102,0.0201793232767419,48.25498480308232,89835.2
cat__Neighborhood_ClearCr,0.015673842,1.1442806375099451e-06,0.0,30.05864558361872,263182.4
cat__SaleType_CWD,0.015647503,6.089993834319068e-07,0.0018685908841387,0.0,59342.4
cat__BsmtFinType1_LwQ,0.015620527,7.791108075398649e-05,0.0168700154363776,106.4313495291094,556265.6
cat__BsmtFinType2_ALQ,0.015086557,5.8020872133503e-09,0.0,13.235625535102654,207715.2
cat__HouseStyle_1.5Fin,0.014138792,0.0003823407560725,0.0399645017086354,181.42138415025687,825640.0
cat__GarageType_Detchd,0.014035632,0.0008007760005543,0.1204299254044267,134.25441952054777,1367934.4
cat__MSSubClass_20,0.014030018,3.88355888282534e-05,0.0052341429497486,370.3824494149538,1352864.0
cat__Condition1_PosN,0.0136497365,1.1362660699147311e-05,0.0,10.437075556507088,-500480.0
cat__Condition1_RRAe,0.013456095,9.05940765755362e-07,0.0091484053664641,13.416295358875704,427820.8
cat__HeatingQC_Gd,0.013321258,8.209832646954692e-05,0.0093653079376538,187.03277033390407,1776456.0
cat__GarageFinish_Fin,0.012924122,0.0007049159106421,0.0969919277857305,113.7261104987159,1677665.6
cat__Neighborhood_SawyerW,0.012684248,6.639186007262256e-06,0.0050945138761371,94.0692376926369,875884.8
cat__FireplaceQu_Ex,0.01261628,8.656380295063489e-05,0.0162179466165,39.99750481592442,486256.0
cat__GarageQual_TA,0.012432264,0.0006361027182546,0.0424172738904511,89.81113953695788,839854.4
cat__GarageType_Attchd,0.012296138,0.0009065928709831,0.1138452789340247,137.22108096104446,2445388.8
cat__Fence_GdPrv,0.012164503,2.894134707670692e-06,0.0157016349900125,42.02369747074761,860174.4
cat__MasVnrType_Stone,0.012022181,0.0004228959403671,0.0544155744638028,60.52386904252306,5659187.2
cat__GarageQual_Fa,0.011761716,0.0002067018795844,0.0118810845096035,47.22461547517152,321483.2
cat__Functional_Min1,0.0117420675,3.306303524542255e-05,0.0,12.669166916381275,175969.6
cat__Fence_MnPrv,0.011720298,0.0001115393658065,0.0109425820421296,51.86023635487993,614536.0
cat__FireplaceQu_TA,0.011566327,0.0001273047471196,0.0622175475956399,52.30995398116421,1046680.0
cat__HouseStyle_SLvl,0.011420578,2.595175405740422e-10,0.0122297780941742,19.61634920804757,225201.6
cat__Functional_Maj1,0.010691066,1.4531325208633823e-06,0.0082591005586767,37.30344770262557,58331.2
cat__FireplaceQu_Fa,0.010534023,1.095146006823597e-07,0.0,36.95542089397885,753721.6
cat__LotConfig_Corner,0.010361813,1.2667212790991996e-05,0.0090482177473247,47.337634935074384,1175577.6
cat__Neighborhood_OldTown,0.00979765,0.0004292577966654,0.0285002330314934,103.84789982876724,1134968.0
cat__Neighborhood_BrDale,0.009625752,2.169454851119508e-05,0.0252512402264739,33.70317000214039,26064.0
cat__Exterior2nd_Wd Shng,0.009619116,3.189632857225334e-05,0.0,29.4223493329056,474740.8
cat__Condition1_Feedr,0.009353368,6.820788882256354e-05,0.0157444091565972,77.67065771261417,367940.8
cat__FireplaceQu_Po,0.009299308,1.2171094061540724e-05,0.0151929489665953,38.09966145833364,184584.0
cat__MSSubClass_75,0.009276434,3.5782521099360904e-05,0.0007056307148276,5.909359374999792,-64785.6
cat__BldgType_Twnhs,0.009225833,1.0702494312763729e-06,0.0009914622287128,48.98475094534839,289664.0
cat__Exterior2nd_HdBoard,0.00918325,6.193755131479334e-06,0.0315312332254338,89.03944381421243,1607564.8
cat__Electrical_FuseF,0.009160567,0.0001710888076799,0.0108271491548765,23.958083832762533,57948.8
cat__Exterior1st_Wd Sdng,0.008546812,0.0003782763808727,0.0410659841473819,136.01798635488004,853160.0
cat__BsmtFinType2_LwQ,0.008480467,1.2301124962120072e-05,0.0069765163639969,18.62707231021685,146793.6
cat__Exterior2nd_Wd Sdng,0.008439053,0.0003650644191347,0.0362881184321068,89.86189158818492,527536.0
cat__Neighborhood_Veenker,0.008214977,7.025242550197125e-06,0.0009294156048775,20.699438659389426,320006.4
cat__BsmtCond_Gd,0.008187974,2.7331074127532464e-05,0.0,22.4171214326484,280851.2
cat__Neighborhood_NridgHt,0.00811333,0.0003899410572658,0.0559876103783445,57.46503100028546,900395.2
cat__Neighborhood_NWAmes,0.0079650665,7.152975509754124e-06,0.0231852317721503,75.45463673658672,449468.8
cat__Exterior1st_Stucco,0.007873011,1.775577934577274e-05,0.0,9.556768996147245,150705.6
cat__LandContour_Bnk,0.007842706,0.0001210136927638,0.0158852165326655,23.249227971603947,-1155099.2
cat__Neighborhood_Timber,0.007440574,4.963518412942536e-05,0.0,26.119046286386943,846884.8
cat__HouseStyle_2.5Unf,0.0072667766,6.0984201373477454e-05,0.0001887569564014,0.0053861479737533,-56168.0
cat__Alley_Grvl,0.006878884,0.000269219724247,0.0057924339018344,35.81552404394964,476051.2
cat__GarageCond_Fa,0.006864092,0.0001747689676206,0.0230433935818425,30.848853578053376,245609.6
cat__BsmtFinType2_Unf,0.006807076,0.0001173427654607,0.0,59.41338664740298,555790.4
cat__Electrical_SBrkr,0.0063992427,0.0005188341322997,0.0512527764626962,46.285314890125576,296406.4
cat__Exterior2nd_Brk Cmn,0.0060076327,9.379326493266724e-06,0.0080188693043541,1.5218688641552556,36340.8
cat__Condition1_PosA,0.0060024336,1.6360129235426096e-06,0.01550736011886,4.026006688784228,57569.6
cat__BsmtFinType1_Rec,0.005795421,0.0001325749772533,0.0276331983624693,27.37561934574807,320980.8
cat__Functional_Maj2,0.0057860333,1.4748186430657707e-05,0.0,1.4076121040239766,60843.2
cat__BsmtFinType1_BLQ,0.0057247053,8.684896562010202e-05,0.0166810625351798,40.170303974029615,316857.6
cat__LandContour_Low,0.005711687,9.115555487855528e-07,0.0,28.526876730165377,193368.0
cat__Functional_Min2,0.0056432746,4.787772338505435e-05,0.0102932241816044,46.60518717893864,256624.0
cat__BsmtExposure_Mn,0.005508108,2.460718649619034e-06,0.0122766010400436,79.03854270119865,412331.2
cat__Exterior1st_BrkComm,0.0052370355,1.5769200156061007e-05,0.0023094844045383,0.0,7084.8
cat__SaleCondition_Alloca,0.004929981,4.798583066147889e-06,0.0025214528202581,11.371191870005722,3492.8
cat__Neighborhood_Blmngtn,0.0049097054,5.305751334806058e-05,0.0051412627308944,10.2726459581905,287936.0
cat__SaleType_ConLD,0.0048883692,1.8503891223949422e-05,0.0,4.424000570776446,-13003.2
cat__Foundation_BrkTil,0.004819346,0.0005191655450493,0.0133903277141711,80.3527805008563,739560.0
cat__MSZoning_C (all),0.0047429716,3.644832470516349e-05,0.0020312290521775,8.787020637128997,25702.4
cat__Exterior2nd_BrkFace,0.0045756977,3.0345192890354946e-07,0.0,27.495640785531133,135800.0
cat__GarageCond_TA,0.0042951484,0.0006645099109218,0.0716953988882556,44.81910527254553,545171.2
cat__MasVnrType_BrkCmn,0.004249235,3.64578477879835e-06,0.0101761207266035,3.8464748323344686,140198.4
cat__RoofMatl_CompShg,0.004208735,9.492940015057648e-07,0.0,3.1373931934931223,29740.8
cat__Condition1_RRAn,0.004198864,8.327048512197259e-06,0.0041191898496475,9.458636558219135,72164.8
cat__Exterior2nd_ImStucc,0.0041578007,7.420520674701284e-06,0.0019496731837047,7.06575813356164,15502.4
cat__KitchenQual_Fa,0.0041512176,0.0002613259011548,0.0189352346430351,14.345263110017292,83241.6
cat__BsmtFinType2_Rec,0.0035924406,1.200645333826348e-05,0.0,15.103525738441707,45521.6
cat__HouseStyle_SFoyer,0.0035241046,4.783124657112456e-06,0.0147173785181238,31.46652252782538,73816.0
cat__MSSubClass_80,0.0035019882,1.7685022614201076e-07,0.0101560179974622,16.218511700912977,99849.6
cat__MSSubClass_90,0.003466806,8.371521366902997e-05,0.0171733170644003,10.992332191780728,145769.6
cat__BldgType_Duplex,0.0034668057,8.371521366902997e-05,0.0289485712816577,11.098821186500768,145880.0
cat__GarageCond_None,0.002989435,0.0004500867681482,0.0755838836785522,34.517679865867265,177657.6
cat__GarageType_None,0.002989435,0.0004500867681482,0.072245671790925,34.44881423016564,177667.2
cat__GarageFinish_None,0.002989435,0.0004500867681482,0.0483311750627375,34.939574361444095,177648.0
cat__GarageQual_None,0.002989435,0.0004500867681482,0.0727493758871322,34.34281417665488,177691.2
cat__Neighborhood_Gilbert,0.0029106198,0.0001131512630691,0.0355827924006499,10.793444170947332,87531.2
cat__GarageType_CarPort,0.0028609983,2.244153995162485e-05,0.0185997208441717,2.174859731735169,93804.8
cat__LotConfig_FR3,0.0027884939,2.7476272635513537e-06,0.0035674237415197,4.333528146404094,25817.6
cat__MSSubClass_190,0.0027366972,0.0001376778593808,0.0039851519470566,2.3880098102169005,3486.4
cat__BldgType_2fmCon,0.0025883582,0.0001441042561769,0.0163599067931468,4.023994898687253,7636.8
cat__BsmtQual_Fa,0.0025530602,0.0001352565391555,0.0033829670851568,14.427616438356202,86084.8
cat__Neighborhood_NoRidge,0.0024722572,0.0001589567220635,0.0549605285888097,27.404279287956506,198340.8
cat__RoofStyle_Flat,0.0023712653,1.6280996743996814e-06,0.0153660503042756,0.8859111907819901,51566.4
cat__GarageCond_Gd,0.002341246,1.4571985695191814e-06,0.0026048785411021,2.073383597317128,122758.4
cat__LandSlope_Sev,0.0023104812,4.960982505352629e-07,0.0,2.7861207905250804,2569.6
cat__MSSubClass_120,0.0022431072,0.0001481034996553,0.0161213544976093,10.549023401826572,169108.8
cat__Neighborhood_SWISU,0.0020465185,5.6642957819354006e-05,0.0066945859946574,9.652918575199587,63020.8
cat__PavedDrive_P,0.0018995216,7.147385317894976e-05,0.0022806317456363,1.6692259738869288,87942.4
cat__GarageQual_Ex,0.0018157096,3.686876343950096e-06,0.0,0.0,3230.4
cat__Exterior1st_AsbShng,0.0017511261,0.0001228094824064,0.0137948814587769,1.6066663099315093,74929.6
cat__Fence_MnWw,0.0017150881,1.280372317082922e-05,0.0,1.688137289526254,99320.0
cat__MiscFeature_None,0.0017026182,2.238772045148924e-05,0.0146685101913022,22.668899900114155,95366.4
cat__GarageType_Basment,0.00168258,3.4803296907416102e-06,0.0,3.529445383847048,60651.2
cat__MiscFeature_Shed,0.0016697997,1.7987681503129275e-05,0.0030335276568667,20.12565503710056,88996.8
cat__BsmtCond_None,0.0016581051,0.0002039085419942,0.0258481667675216,12.49990277183237,30443.2
cat__BsmtExposure_None,0.0016580952,0.0002039085419942,0.0201786670202128,12.444410067066295,30465.6
cat__BsmtFinType1_None,0.0016580952,0.0002039085419942,0.0292202285287761,12.180269531249786,30451.2
cat__BsmtFinType2_None,0.0016580952,0.0002039085419942,0.0110715800229841,12.218453463898506,30456.0
cat__BsmtQual_None,0.0016580952,0.0002039085419942,0.0276893875813042,12.58430741652379,30422.4
cat__GarageType_2Types,0.0015647484,5.7581468546465656e-06,0.0047243414431314,0.0,7144.0
cat__MSSubClass_85,0.0015526928,2.196528152026116e-07,0.0046570441605706,7.818971657391611,13966.4
cat__SaleType_Con,0.0015293821,5.192726046847571e-06,0.0,6.286323523116053,31468.8
cat__Electrical_FuseP,0.0014642081,4.048680454923571e-05,0.0046952316941515,0.0,3696.0
cat__Neighborhood_NPkVill,0.0014444956,7.095633616924436e-07,0.0149216773136939,7.868411101598444,25729.6
cat__GarageCond_Po,0.0014414306,4.879634426122137e-05,0.0,2.071403413955492,-302.4
cat__PoolQC_Ex,0.0014250875,4.8582095063821015e-06,0.0,0.0,9307.2
cat__Functional_Sev,0.0013766295,1.24714758153726e-07,0.0,0.0,32556.8
cat__GarageCond_Ex,0.0013751667,4.820439815192628e-06,0.0041791519512672,0.0,2075.2
cat__Exterior2nd_AsbShng,0.0013506403,0.0001011291542964,0.0128837749660493,0.9487947702625652,37316.8
cat__Foundation_Slab,0.0013484545,0.0001392657176961,0.0156889917245466,4.84330388484581,23747.2
cat__PoolQC_None,0.0012914166,1.764137612579627e-05,0.0186253467130734,2.4928380244008297,15600.0
cat__SaleType_ConLI,0.0012437241,7.674033070516142e-06,0.0,1.2162353025114023,7812.8
cat__ExterQual_Fa,0.0012380311,0.0001069814623284,0.0074666612814167,3.564178545947518,2712.0
cat__Condition1_RRNn,0.0012314292,2.0176503719991976e-06,0.0050193825576601,2.241174889412095,558.4
cat__LotShape_IR3,0.0012240384,1.873038810731432e-05,0.0,0.7981756920662012,4820.8
cat__Heating_GasA,0.0011737291,0.000182848915837,0.0,9.060463523830144,61238.4
cat__RoofMatl_Metal,0.0011133942,2.9724261100524983e-08,0.0,0.0,433.6
cat__RoofMatl_Tar&Grv,0.0010430082,1.711282312748638e-06,0.0064997582926464,1.4608935859018246,63790.4
cat__BsmtFinType2_GLQ,0.0010049423,6.958402848025867e-07,0.0,2.099943439640403,14188.8
cat__RoofStyle_Gambrel,0.0009061198,2.478856246713883e-05,0.0,0.7654501462614135,3814.4
cat__Condition2_Norm,0.00086243707,2.0508381980804675e-06,0.0,8.619335027825478,-293238.4
cat__RoofMatl_WdShngl,0.0008329592,1.5060106796601878e-06,0.0,4.772075074914695,18292.8
cat__Heating_GasW,0.00075427233,6.887512053393004e-05,0.0,3.6125557577052434,12110.4
cat__RoofStyle_Mansard,0.0007388166,7.490854862185773e-06,0.0,1.5686914597598716,-4852.8
cat__GarageQual_Gd,0.0007322712,2.7462345285563285e-07,0.0,1.0610622859586447,24753.6
cat__Foundation_Wood,0.0007283841,1.8280511428210341e-07,0.0,3.1832529787387065,34993.6
cat__Electrical_None,0.00066776644,2.251314398182915e-07,0.0,0.0,4409.6
cat__MSZoning_RH,0.0006663145,5.55630436224228e-05,0.0076289354564149,1.944759863727269,23296.0
cat__ExterCond_Fa,0.00066083745,0.0001734092652254,0.0139241460143644,0.4759697488584353,36041.6
cat__MSSubClass_180,0.0006427915,1.9866975867053585e-06,0.0044262176498492,1.5413529359303777,2473.6
cat__MSSubClass_40,0.0006220741,5.313906093591889e-07,0.0078854147041937,0.9695904858733058,3243.2
cat__Exterior2nd_Stone,0.0005726097,9.201272387185426e-06,0.0,0.9923719677511348,6625.6
cat__Exterior1st_CBlock,0.0005638458,2.79559460469447e-06,0.0,0.0,982.4
cat__Exterior2nd_CBlock,0.0005638458,2.79559460469447e-06,0.0092779662438462,0.0,982.4
cat__Exterior2nd_AsphShn,0.00054312765,6.954358063772462e-06,0.0,0.0,2276.8
cat__ExterCond_Ex,0.00053846394,6.010420264204069e-06,0.0030676400110438,0.1538804045376941,275.2
cat__SaleType_Oth,0.00041796314,2.5112981075894456e-06,0.0014108792136251,0.7167185002853991,710.4
cat__Condition1_RRNe,0.00037226308,1.7775236938513022e-06,0.0,0.0049586187214611,-854.4
cat__Street_Pave,0.00035985617,3.407815219866009e-06,0.0,0.6584847138983937,572.8
cat__Street_Grvl,0.0003598461,3.407815219866008e-06,0.0,0.6675039954337824,640.0
cat__Heating_Floor,0.00032064226,9.401882228391124e-06,0.0,0.0,166.4
cat__Heating_Grav,0.0002955241,5.414941999127146e-05,0.0,2.169470105593881,-3894.4
cat__Utilities_AllPub,0.00027901662,1.095995000251658e-08,0.0003707376982788,0.0,6596.8
cat__Utilities_NoSeWa,0.00027900987,1.0959950002516569e-08,0.0,0.0,6641.6
cat__Condition2_Feedr,0.00027667076,1.5668935398650643e-05,0.0049263946532269,1.962424300799098,3606.4
cat__SaleType_ConLw,0.0002549342,8.355018803707644e-08,0.0,0.0918660459474874,-5577.6
cat__SaleCondition_AdjLand,0.0002504529,3.1062887555709424e-05,0.0,1.033839237300328,-688.0
cat__Foundation_Stone,0.0002289481,1.1276957100397068e-05,0.0115982638136939,0.0966455122716958,13491.2
cat__Condition2_PosN,0.00022603074,2.9798434844806025e-05,0.0,1.6792362835328507,-205872.0
cat__HeatingQC_Po,0.00021876418,7.87722891264557e-06,0.0062135409302748,0.0,-916.8
cat__HouseStyle_1.5Unf,0.00019899238,6.659659185704743e-05,0.0097768128332069,0.4145232234588021,1624.0
cat__RoofStyle_Shed,0.00019098869,1.1913823538514013e-07,0.0,0.0,1795.2
cat__MSSubClass_45,0.00015819145,5.190423914322647e-05,0.0036170839214784,1.1050255244009592,-608.0
cat__Exterior1st_Stone,0.00015763099,1.4439999968220365e-08,0.0074481890307219,0.576211668807062,8076.8
cat__Neighborhood_Blueste,0.00014502075,3.412239182811729e-07,0.0028287993320993,0.1891960973173489,1500.8
cat__HouseStyle_2.5Fin,0.0001445474,5.629541178487724e-06,0.0040715993443531,0.5592866188641876,3784.0
cat__Exterior1st_AsphShn,0.00010742008,1.1534879566412215e-05,0.0023750761513278,0.0,60.8
cat__GarageQual_Po,8.196135e-05,1.4612934068516095e-05,0.0023877858647542,0.0980988156392646,116.8
cat__Condition2_Artery,8.072189e-05,8.685150751259924e-06,0.010730147196631,0.6914260666381036,2980.8
cat__Condition2_RRAn,7.7958415e-05,3.391334549272567e-07,0.0122563206407784,0.0,-492.8
cat__RoofMatl_Roll,6.525804e-05,3.489726010861102e-06,0.0,0.0,-17.6
cat__Heating_OthW,6.0295675e-05,2.249844217543562e-05,0.0,0.0,7992.0
cat__Heating_Wall,5.951079e-05,3.654365722937331e-05,0.0,0.1233129815924747,-558.4
cat__PoolQC_Fa,4.659167e-05,8.982746260999015e-07,0.0,0.8030482662673963,481.6
cat__RoofMatl_WdShake,3.8590955e-05,1.8028353081971235e-06,0.0,0.1066390018550292,588.8
cat__MiscFeature_Othr,2.623454e-05,2.3549001170719654e-05,0.0,0.0672163420376744,105.6
cat__MiscFeature_TenC,2.5225349e-05,1.3621781381194231e-06,0.0076435082880831,0.0,425.6
cat__Exterior1st_ImStucc,1.9951864e-05,2.4173217530665105e-06,0.0075417149374987,0.0,192.0
cat__PoolQC_Gd,8.484554e-06,1.6889346339748964e-05,0.0005831907450051,0.0094871040239752,-814.4
cat__RoofMatl_ClyTile,8.484554e-06,2.902991488754392e-05,0.0,0.0,-33.6
cat__Condition2_RRAe,3.936572e-06,1.5901128631712945e-07,0.0,0.0,-46.4
cat__MiscFeature_Gar2,3.936572e-06,1.5901128631712945e-07,0.0,0.064518835616438,-48.0
cat__BsmtCond_Po,2e-08,1.4648595943193373e-05,0.0,0.0023663848458928,-22.4
cat__Exterior2nd_Other,2e-08,8.022530827060483e-06,0.0056027495173902,0.0,-174.4
cat__ExterCond_Po,2e-08,7.109084757187526e-06,0.0,0.0,41.6
