,AGOP,PCA,MI,SHAP
num__GrLivArea,2.0,0.0007298735270464061,0.4399679834605146,8360.655328196342
num__OverallQual,1.5543642,0.0019287104797433632,0.5334505321864471,9395.297976009557
num__TotalBsmtSF,1.0460011,0.0011053269852505365,0.3367966663145747,6640.72908702555
num__1stFlrSF,0.87998307,0.000731194099388148,0.29305590932311754,5431.3399277968065
num__2ndFlrSF,0.7623565,8.697879548506182e-05,0.225885724595428,6224.0301600849025
num__OverallCond,0.7092012,0.00016505825728398865,0.10175397298813404,4885.24311155108
num__BsmtFinSF1,0.5848568,0.0003150335400555349,0.15817291611589912,5123.082361354878
num__LotArea,0.5202134,5.651009223477746e-05,0.165132829856784,1781.3137073879855
num__Fireplaces,0.43119022,0.00040997167926924894,0.1727132208536466,3478.1757496611017
num__TotRmsAbvGrd,0.426821,0.00032502508298814397,0.18025305369194244,2753.4921988085066
num__GarageCars,0.34676552,0.001603924764060673,0.366157741618246,2917.4505898259113
num__FullBath,0.34132534,0.0010730682554565335,0.2496615545269416,3565.6271349707467
cat__Neighborhood_Crawfor,0.2982391,1.6668755815262126e-05,0.01898279528395963,261.3448741259986
num__3SsnPorch,0.29323497,7.442422537948593e-06,0.0,304.65675631421266
num__HalfBath,0.2708003,0.0002628578386092159,0.08618209606862326,2825.620039472744
num__YearRemodAdd,0.2393511,0.0015002240496941829,0.2489640314609436,2929.9456333119306
num__YearBuilt,0.23722643,0.0023033198450090253,0.3282565523204046,3456.0153358126454
num__LotFrontage,0.21574628,0.00022081302830959608,0.17045285082988304,1414.4470555436644
cat__Neighborhood_Edwards,0.214363,0.0001371529702825194,0.03382436000667077,472.4090209403537
num__PoolArea,0.20918861,1.4118245911052129e-05,0.0,590.5251427119008
cat__BsmtExposure_Gd,0.18858016,9.78331717261431e-05,0.02721486390168093,710.9416164026825
num__OpenPorchSF,0.1765764,0.00027233453906691394,0.16396200927665383,930.6613199736021
num__ScreenPorch,0.16189826,2.1296770731864886e-06,0.008893146568690558,618.5151091787958
num__BsmtFullBath,0.15991504,0.0001498624662356968,0.01567385074143801,2268.6353332619838
cat__Functional_Typ,0.15983331,0.00012009161136544931,0.020747168873297417,509.18916468678646
num__BedroomAbvGr,0.15787567,3.876720208905187e-07,0.0571323838728226,1687.2702501783667
cat__BsmtQual_Ex,0.15670508,0.0005977356301588826,0.10705685224867101,855.912760987443
cat__Foundation_PConc,0.1541223,0.0015063295705196541,0.1784588620078742,1891.9872037671241
cat__MSZoning_RM,0.15266806,0.0005241299956109804,0.09964243142156604,884.8056838969744
cat__Foundation_CBlock,0.1486747,0.000473701953637171,0.09271733755095579,1625.3598322274543
num__BsmtFinSF2,0.14519173,7.510547544518453e-06,0.003079486111016605,737.068888127854
cat__BsmtExposure_No,0.13719635,0.00018021761484802898,0.013643216922034185,1375.6175487478597
num__MasVnrArea,0.13397492,0.0006268669532333852,0.069675520338766,1289.8599740653538
num__BsmtHalfBath,0.13344769,1.0392310654971509e-05,0.0,241.52806385559344
cat__BsmtFinType1_GLQ,0.123419404,0.0008657952686354296,0.10829889352610711,1245.907816210046
num__GarageArea,0.12268002,0.0014146285248959568,0.36980757196445424,1537.5178352597022
cat__Exterior1st_BrkFace,0.12181105,1.3587736216491217e-05,0.0,149.46353415739148
cat__Alley_Pave,0.11516523,3.5791572547197964e-06,0.013031095659914227,114.50126088042214
cat__Condition1_Artery,0.11422816,0.00012031925904083078,0.017874661253037827,192.6009755458049
cat__LandContour_HLS,0.112425774,1.906223063215059e-05,0.01193353533909014,209.25496370219733
cat__BsmtQual_Gd,0.105036214,0.0008233716892239142,0.15268987079514718,480.9119122966613
cat__SaleType_New,0.10289334,0.0005585893195620948,0.05528719725511433,524.5120944099602
cat__SaleCondition_Partial,0.100868925,0.0005629379909784357,0.06597492954031292,561.4662427404394
cat__KitchenQual_Ex,0.09962324,0.00039412770694771736,0.09002319788613056,473.53800151612415
cat__Condition1_Norm,0.09886715,7.510053808819734e-05,0.004744330532747032,761.5072166095891
cat__LotShape_Reg,0.09241408,0.00026940723601462943,0.08227418006695997,907.9073655108446
cat__LandContour_Lvl,0.09091899,2.9806504131647183e-05,0.019081938249258856,450.30926813998263
cat__Neighborhood_StoneBr,0.09070978,7.98226029231768e-05,0.012843347111526127,133.3133005136983
cat__Neighborhood_Somerst,0.08937033,0.0001802966234004798,0.03500909994014112,664.3973941388417
cat__HeatingQC_TA,0.08263043,0.0005628326511161377,0.10753006501109552,686.2734292594172
cat__Alley_None,0.081825174,0.00020592375509440877,0.013961432771851578,143.69294570490868
cat__MSZoning_RL,0.08175969,0.0003220246866006321,0.05493248671825901,587.2948200627856
num__KitchenAbvGr,0.08164882,0.00019775473517038856,0.021015504723854495,928.0976904787394
cat__BsmtCond_Fa,0.07920881,0.00019203752907808285,0.021812902596611394,111.50210416666658
num__GarageYrBlt,0.07816662,0.001648747758374635,0.27278915242434953,1068.3995904323633
cat__BsmtQual_TA,0.07678445,0.0011665365240117838,0.17803092017120892,1188.0525226883562
cat__LotConfig_CulDSac,0.07526079,6.95051179112457e-05,0.02969277351177113,238.1304160423803
cat__ExterQual_Ex,0.07486344,0.00028053210669772444,0.06279707938569778,190.47896848244872
num__YrSold,0.07094168,1.1255000153457096e-09,0.016540211634618718,554.9251448523117
cat__MSSubClass_30,0.069648385,0.0002815393950011455,0.05924369003656804,225.6631510059932
cat__GarageFinish_Unf,0.06550042,0.001018299521407357,0.1479203937880449,785.933304348601
cat__BsmtCond_TA,0.06342162,0.00014661129618158384,0.0,243.32280013912643
cat__SaleType_COD,0.06228999,1.7772701573962992e-05,0.007432289499733846,91.58012357305934
cat__SaleType_WD,0.061443135,0.0002488342724374842,0.02953276208112543,483.13105650684963
cat__HeatingQC_Ex,0.05983416,0.0010991634878242831,0.1265706295838014,729.8760006777965
cat__BsmtFinType1_Unf,0.0580951,3.2397822941682345e-06,0.0014351467323354683,458.9164456870717
cat__GarageFinish_RFn,0.05533304,0.00039491613413514834,0.07451724902640855,617.8811523080765
cat__KitchenQual_TA,0.053553216,0.0011050591529536383,0.1950755766226735,773.7420944456336
cat__Neighborhood_NAmes,0.050484028,0.00010535292943091079,0.05962989992625922,351.5980634810214
num__BsmtUnfSF,0.05033097,0.0002512749777869683,0.14464052196127763,1224.892729666096
num__EnclosedPorch,0.049623936,0.0002586391021662427,0.021692054204598854,288.73946079480567
num__MoSold,0.049371034,3.872371500304639e-06,0.0,424.24747977311625
num__Id,0.049091555,5.483064030264058e-07,0.009195858775295829,368.90893166738
cat__SaleCondition_Abnorml,0.048962615,4.801238613269739e-05,0.015272077196465395,203.55367062642688
cat__MSSubClass_70,0.047197267,0.00012089801154598116,0.0012471771906337192,110.1847473066497
cat__BldgType_1Fam,0.04713749,6.99829675616055e-06,0.02639561522156164,564.7274474172374
cat__MSZoning_FV,0.046121046,0.00010463259041262559,0.03690653398010202,352.7375700984589
cat__ExterQual_TA,0.044741243,0.0015652533343313766,0.24594771916654312,724.093038384704
cat__KitchenQual_Gd,0.04447215,0.0008617094233774313,0.14412060429471696,362.2603606414093
cat__MSSubClass_160,0.044068933,8.701896192408018e-07,0.02782851853477597,219.9548880029968
cat__Exterior2nd_CmentBd,0.04241522,4.8649739098386844e-05,0.01788294288580894,109.87509282248817
num__WoodDeckSF,0.042402055,0.0003280068166747542,0.09224475604947013,434.1811517016267
cat__LotShape_IR2,0.042259365,3.0449205779623474e-05,0.012709521762008347,96.26304682148947
num__MiscVal,0.041757986,1.1348136633434873e-05,0.0010319726334626633,173.36604459189516
cat__SaleCondition_Family,0.0387392,3.774099424122895e-06,0.0,44.237781749429345
cat__Exterior1st_CemntBd,0.037778545,4.679172468644104e-05,0.031434921643159974,108.98906810074203
cat__Exterior2nd_Plywood,0.036257144,9.818076750023598e-06,0.021841374844463246,155.17850351384115
cat__ExterQual_Gd,0.035994783,0.0013199056968365387,0.21011168697879556,321.625617223174
cat__MSSubClass_60,0.03458642,0.0006626767674108331,0.12646864820937975,383.8539564604742
cat__Neighborhood_BrkSide,0.03452036,0.00020809937690330867,0.029264458371632607,111.492982305936
cat__HouseStyle_1Story,0.03436786,7.69662700594481e-06,0.015600829230612234,260.6649449736016
cat__Exterior2nd_Stucco,0.034082547,3.716285897317723e-05,0.0035393165536563576,30.17739690353855
cat__ExterCond_Gd,0.03397845,5.946870887197028e-05,0.010452644770814201,308.7848885380995
cat__RoofStyle_Gable,0.033336226,3.7162492917490354e-05,0.03303666667710048,213.72596050941792
num__LowQualFinSF,0.032466233,4.557254570078741e-05,0.0,51.76043214897236
cat__LandSlope_Gtl,0.03206598,9.154475632745992e-06,0.013096204608290085,146.99464861586753
cat__Fence_None,0.030880215,0.00018072371390371838,0.03214496929585242,211.31267908104996
cat__BsmtFinType1_ALQ,0.029917194,3.5204677361954955e-05,0.04170274683166708,227.0473222031967
cat__ExterCond_TA,0.0288321,0.0001801419252582798,0.004626222498968602,311.354179830194
cat__Neighborhood_Sawyer,0.028251149,3.080616813605559e-05,0.010676551768939113,160.87336695562232
cat__FireplaceQu_Gd,0.028013913,0.00022006004848209318,0.06835945306453817,387.98253383633005
cat__Exterior1st_VinylSd,0.0279565,0.0009807176163707416,0.086158895485134,409.83203032248866
cat__Electrical_FuseA,0.026967725,0.00030495671584344203,0.022086736140593866,122.3320169449203
cat__Exterior1st_WdShing,0.026877563,2.3060902879066897e-05,0.0,36.243136540382146
cat__MasVnrType_BrkFace,0.026853723,0.00028673166536553424,0.04157621798324995,201.1582134346462
cat__HouseStyle_2Story,0.026736274,0.00020631597764755248,0.05294585665143825,449.28922165739095
cat__CentralAir_N,0.026413703,0.000685197659408208,0.07157104316317797,137.8948528110732
cat__CentralAir_Y,0.026413629,0.000685197659408208,0.06712942348338924,138.26753009061068
cat__PavedDrive_N,0.0259658,0.00048822308572784076,0.03448222537006984,147.64039108875602
cat__LotShape_IR1,0.025908576,0.0001956218224082807,0.05101062817959834,170.827781767266
cat__Fence_GdWo,0.02468627,5.293977488600318e-05,0.011032452793094949,40.48930167308816
cat__PavedDrive_Y,0.024314892,0.0005602186737115358,0.021896631614961137,181.1186193635847
cat__Neighborhood_CollgCr,0.024265612,0.00022379681881051696,0.045441520285263826,228.5375262378713
cat__SaleCondition_Normal,0.023817018,0.00011790966218719058,0.013089133251910967,153.00015204052545
cat__BldgType_TwnhsE,0.02322272,0.00010358573626155858,0.0041321956465059095,210.1578948701486
cat__BsmtExposure_Av,0.022779,0.00022497718044440699,0.03371549717650102,137.0921995933215
cat__Exterior1st_HdBoard,0.022721646,9.664570707463686e-06,0.02989419011497807,296.1373082013414
cat__Neighborhood_MeadowV,0.02258888,7.93386671290956e-06,0.015023379173585205,23.386775167665537
cat__BsmtFinType2_BLQ,0.022389319,5.828634327001465e-06,0.002018868571186827,51.30706428367623
cat__Functional_Mod,0.02230488,2.5716504632066256e-05,0.0,5.316085206192929
cat__Exterior2nd_VinylSd,0.020522952,0.0009675942747627021,0.09002447310968953,416.22477602383015
cat__LandSlope_Mod,0.020331485,8.808226695141514e-06,0.018444717699324542,102.83696912457165
cat__MSSubClass_50,0.020209594,0.00033835321009012954,0.04482473062947778,196.245415614298
cat__Neighborhood_Mitchel,0.019826492,9.460068291800827e-07,0.012850922606193027,55.0817773972601
cat__RoofStyle_Hip,0.019315226,6.721156845787997e-05,0.010156195548175484,213.6680119149542
cat__GarageType_BuiltIn,0.019314224,0.00017477386015136547,0.017746452976627358,113.13326756920694
cat__LotConfig_Inside,0.01913752,9.598079662125722e-06,0.023278596895092596,219.59732814283703
cat__MasVnrType_None,0.018708259,0.0007571460368031923,0.08112067067737083,426.40862246718024
cat__FireplaceQu_None,0.018220996,0.0005690000944157722,0.17626086925912987,81.67834392836771
cat__LotConfig_FR2,0.018057248,9.701749341528666e-06,0.0017526973489954134,72.65324502354454
cat__Exterior2nd_MetalSd,0.01779365,0.00016855485360566655,0.029510938016690913,109.235822006992
cat__Neighborhood_IDOTRR,0.017342513,0.00018184096264031534,0.014960910406799588,45.183682808932225
cat__Exterior1st_Plywood,0.015828129,2.4704617447104087e-07,0.013709467414189769,106.06698578410416
cat__Exterior1st_MetalSd,0.01572416,0.00018426499040915956,0.04045088649491024,127.08236023116443
cat__HeatingQC_Fa,0.015717177,0.0001601366641102914,0.02017932327674199,48.254984803082316
cat__Neighborhood_ClearCr,0.015673842,1.1442806375099453e-06,0.0,30.058645583618716
cat__SaleType_CWD,0.015647503,6.089993834319068e-07,0.00186859088413871,0.0
cat__BsmtFinType1_LwQ,0.015620527,7.791108075398649e-05,0.016870015436377672,106.4313495291094
cat__BsmtFinType2_ALQ,0.015086557,5.8020872133503e-09,0.0,13.235625535102654
cat__HouseStyle_1.5Fin,0.014138792,0.0003823407560725628,0.039964501708635414,181.42138415025687
cat__GarageType_Detchd,0.014035632,0.0008007760005543691,0.12042992540442676,134.25441952054777
cat__MSSubClass_20,0.014030018,3.88355888282534e-05,0.005234142949748666,370.38244941495384
cat__Condition1_PosN,0.0136497365,1.1362660699147313e-05,0.0,10.437075556507088
cat__Condition1_RRAe,0.013456095,9.05940765755362e-07,0.009148405366464107,13.416295358875704
cat__HeatingQC_Gd,0.013321258,8.209832646954692e-05,0.009365307937653888,187.03277033390412
cat__GarageFinish_Fin,0.012924122,0.0007049159106421003,0.09699192778573051,113.7261104987159
cat__Neighborhood_SawyerW,0.012684248,6.639186007262256e-06,0.00509451387613713,94.0692376926369
cat__FireplaceQu_Ex,0.01261628,8.656380295063489e-05,0.0162179466165,39.99750481592442
cat__GarageQual_TA,0.012432264,0.0006361027182546564,0.042417273890451135,89.81113953695788
cat__GarageType_Attchd,0.012296138,0.000906592870983116,0.11384527893402474,137.22108096104446
cat__Fence_GdPrv,0.012164503,2.894134707670692e-06,0.015701634990012536,42.02369747074761
cat__MasVnrType_Stone,0.012022181,0.0004228959403671858,0.05441557446380285,60.52386904252306
cat__GarageQual_Fa,0.011761716,0.00020670187958444393,0.011881084509603568,47.22461547517152
cat__Functional_Min1,0.0117420675,3.306303524542255e-05,0.0,12.669166916381275
cat__Fence_MnPrv,0.011720298,0.00011153936580652258,0.010942582042129612,51.86023635487993
cat__FireplaceQu_TA,0.011566327,0.00012730474711961678,0.06221754759563991,52.30995398116421
cat__HouseStyle_SLvl,0.011420578,2.595175405740422e-10,0.012229778094174248,19.61634920804757
cat__Functional_Maj1,0.010691066,1.4531325208633825e-06,0.008259100558676735,37.30344770262557
cat__FireplaceQu_Fa,0.010534023,1.095146006823597e-07,0.0,36.95542089397885
cat__LotConfig_Corner,0.010361813,1.2667212790991996e-05,0.009048217747324783,47.337634935074384
cat__Neighborhood_OldTown,0.00979765,0.00042925779666544623,0.028500233031493405,103.84789982876724
cat__Neighborhood_BrDale,0.009625752,2.169454851119508e-05,0.02525124022647396,33.70317000214039
cat__Exterior2nd_Wd Shng,0.009619116,3.189632857225334e-05,0.0,29.4223493329056
cat__Condition1_Feedr,0.009353368,6.820788882256354e-05,0.01574440915659725,77.67065771261417
cat__FireplaceQu_Po,0.009299308,1.2171094061540724e-05,0.015192948966595399,38.099661458333635
cat__MSSubClass_75,0.009276434,3.5782521099360904e-05,0.0007056307148276542,5.909359374999792
cat__BldgType_Twnhs,0.009225833,1.0702494312763727e-06,0.000991462228712825,48.98475094534839
cat__Exterior2nd_HdBoard,0.00918325,6.193755131479334e-06,0.03153123322543383,89.03944381421243
cat__Electrical_FuseF,0.009160567,0.0001710888076799868,0.010827149154876592,23.958083832762533
cat__Exterior1st_Wd Sdng,0.008546812,0.00037827638087272163,0.04106598414738194,136.01798635488004
cat__BsmtFinType2_LwQ,0.008480467,1.2301124962120072e-05,0.006976516363996987,18.62707231021685
cat__Exterior2nd_Wd Sdng,0.008439053,0.00036506441913479584,0.036288118432106886,89.86189158818492
cat__Neighborhood_Veenker,0.008214977,7.025242550197125e-06,0.0009294156048775815,20.699438659389426
cat__BsmtCond_Gd,0.008187974,2.7331074127532464e-05,0.0,22.4171214326484
cat__Neighborhood_NridgHt,0.00811333,0.0003899410572658597,0.05598761037834454,57.465031000285464
cat__Neighborhood_NWAmes,0.0079650665,7.152975509754124e-06,0.023185231772150372,75.45463673658672
cat__Exterior1st_Stucco,0.007873011,1.775577934577274e-05,0.0,9.556768996147245
cat__LandContour_Bnk,0.007842706,0.00012101369276381254,0.015885216532665503,23.249227971603947
cat__Neighborhood_Timber,0.007440574,4.963518412942536e-05,0.0,26.119046286386943
cat__HouseStyle_2.5Unf,0.0072667766,6.0984201373477454e-05,0.00018875695640141466,0.005386147973753329
cat__Alley_Grvl,0.006878884,0.00026921972424700114,0.005792433901834482,35.81552404394964
cat__GarageCond_Fa,0.006864092,0.00017476896762063575,0.023043393581842597,30.848853578053376
cat__BsmtFinType2_Unf,0.006807076,0.00011734276546074041,0.0,59.41338664740298
cat__Electrical_SBrkr,0.0063992427,0.0005188341322997165,0.051252776462696215,46.285314890125576
cat__Exterior2nd_Brk Cmn,0.0060076327,9.379326493266724e-06,0.008018869304354137,1.5218688641552556
cat__Condition1_PosA,0.0060024336,1.6360129235426096e-06,0.015507360118860003,4.026006688784228
cat__BsmtFinType1_Rec,0.005795421,0.00013257497725333045,0.027633198362469358,27.37561934574807
cat__Functional_Maj2,0.0057860333,1.4748186430657707e-05,0.0,1.4076121040239766
cat__BsmtFinType1_BLQ,0.0057247053,8.684896562010202e-05,0.01668106253517987,40.170303974029615
cat__LandContour_Low,0.005711687,9.115555487855528e-07,0.0,28.526876730165377
cat__Functional_Min2,0.0056432746,4.787772338505435e-05,0.010293224181604499,46.60518717893864
cat__BsmtExposure_Mn,0.005508108,2.460718649619034e-06,0.012276601040043689,79.03854270119865
cat__Exterior1st_BrkComm,0.0052370355,1.5769200156061007e-05,0.0023094844045383756,0.0
cat__SaleCondition_Alloca,0.004929981,4.798583066147889e-06,0.0025214528202581743,11.371191870005722
cat__Neighborhood_Blmngtn,0.0049097054,5.305751334806058e-05,0.005141262730894436,10.2726459581905
cat__SaleType_ConLD,0.0048883692,1.8503891223949426e-05,0.0,4.424000570776446
cat__Foundation_BrkTil,0.004819346,0.0005191655450493677,0.013390327714171146,80.3527805008563
cat__MSZoning_C (all),0.0047429716,3.644832470516349e-05,0.0020312290521775633,8.787020637128997
cat__Exterior2nd_BrkFace,0.0045756977,3.0345192890354946e-07,0.0,27.495640785531133
cat__GarageCond_TA,0.0042951484,0.000664509910921809,0.0716953988882556,44.81910527254553
cat__MasVnrType_BrkCmn,0.004249235,3.64578477879835e-06,0.010176120726603566,3.8464748323344686
cat__RoofMatl_CompShg,0.004208735,9.492940015057648e-07,0.0,3.1373931934931223
cat__Condition1_RRAn,0.004198864,8.327048512197259e-06,0.004119189849647542,9.458636558219137
cat__Exterior2nd_ImStucc,0.0041578007,7.420520674701284e-06,0.0019496731837047587,7.06575813356164
cat__KitchenQual_Fa,0.0041512176,0.0002613259011548502,0.018935234643035148,14.345263110017292
cat__BsmtFinType2_Rec,0.0035924406,1.2006453338263479e-05,0.0,15.103525738441707
cat__HouseStyle_SFoyer,0.0035241046,4.783124657112456e-06,0.014717378518123825,31.46652252782538
cat__MSSubClass_80,0.0035019882,1.7685022614201076e-07,0.010156017997462241,16.218511700912977
cat__MSSubClass_90,0.003466806,8.371521366902997e-05,0.017173317064400395,10.992332191780728
cat__BldgType_Duplex,0.0034668057,8.371521366902997e-05,0.02894857128165773,11.098821186500768
cat__GarageCond_None,0.002989435,0.00045008676814825403,0.07558388367855229,34.517679865867265
cat__GarageType_None,0.002989435,0.00045008676814825403,0.072245671790925,34.44881423016564
cat__GarageFinish_None,0.002989435,0.00045008676814825403,0.04833117506273754,34.939574361444095
cat__GarageQual_None,0.002989435,0.00045008676814825403,0.07274937588713226,34.342814176654876
cat__Neighborhood_Gilbert,0.0029106198,0.00011315126306910472,0.03558279240064999,10.793444170947332
cat__GarageType_CarPort,0.0028609983,2.244153995162485e-05,0.01859972084417172,2.1748597317351686
cat__LotConfig_FR3,0.0027884939,2.7476272635513537e-06,0.0035674237415197485,4.333528146404094
cat__MSSubClass_190,0.0027366972,0.00013767785938084573,0.00398515194705662,2.3880098102169005
cat__BldgType_2fmCon,0.0025883582,0.00014410425617693715,0.016359906793146806,4.023994898687253
cat__BsmtQual_Fa,0.0025530602,0.0001352565391555991,0.0033829670851568405,14.427616438356202
cat__Neighborhood_NoRidge,0.0024722572,0.00015895672206359094,0.05496052858880973,27.404279287956506
cat__RoofStyle_Flat,0.0023712653,1.6280996743996814e-06,0.015366050304275625,0.8859111907819901
cat__GarageCond_Gd,0.002341246,1.4571985695191814e-06,0.0026048785411021402,2.073383597317128
cat__LandSlope_Sev,0.0023104812,4.960982505352629e-07,0.0,2.7861207905250804
cat__MSSubClass_120,0.0022431072,0.00014810349965534863,0.01612135449760932,10.549023401826572
cat__Neighborhood_SWISU,0.0020465185,5.6642957819354006e-05,0.006694585994657443,9.652918575199589
cat__PavedDrive_P,0.0018995216,7.147385317894976e-05,0.002280631745636308,1.6692259738869288
cat__GarageQual_Ex,0.0018157096,3.686876343950096e-06,0.0,0.0
cat__Exterior1st_AsbShng,0.0017511261,0.00012280948240647968,0.013794881458776942,1.6066663099315093
cat__Fence_MnWw,0.0017150881,1.280372317082922e-05,0.0,1.6881372895262539
cat__MiscFeature_None,0.0017026182,2.2387720451489236e-05,0.01466851019130222,22.668899900114155
cat__GarageType_Basment,0.00168258,3.4803296907416102e-06,0.0,3.529445383847048
cat__MiscFeature_Shed,0.0016697997,1.7987681503129275e-05,0.003033527656866708,20.125655037100557
cat__BsmtCond_None,0.0016581051,0.0002039085419942568,0.025848166767521663,12.49990277183237
cat__BsmtExposure_None,0.0016580952,0.0002039085419942568,0.02017866702021287,12.444410067066295
cat__BsmtFinType1_None,0.0016580952,0.0002039085419942568,0.02922022852877615,12.180269531249786
cat__BsmtFinType2_None,0.0016580952,0.0002039085419942568,0.01107158002298414,12.218453463898506
cat__BsmtQual_None,0.0016580952,0.0002039085419942568,0.027689387581304237,12.58430741652379
cat__GarageType_2Types,0.0015647484,5.7581468546465656e-06,0.004724341443131497,0.0
cat__MSSubClass_85,0.0015526928,2.1965281520261156e-07,0.004657044160570667,7.818971657391611
cat__SaleType_Con,0.0015293821,5.192726046847571e-06,0.0,6.286323523116053
cat__Electrical_FuseP,0.0014642081,4.048680454923571e-05,0.004695231694151536,0.0
cat__Neighborhood_NPkVill,0.0014444956,7.095633616924436e-07,0.014921677313693982,7.868411101598444
cat__GarageCond_Po,0.0014414306,4.879634426122137e-05,0.0,2.0714034139554918
cat__PoolQC_Ex,0.0014250875,4.8582095063821015e-06,0.0,0.0
cat__Functional_Sev,0.0013766295,1.24714758153726e-07,0.0,0.0
cat__GarageCond_Ex,0.0013751667,4.820439815192628e-06,0.004179151951267279,0.0
cat__Exterior2nd_AsbShng,0.0013506403,0.00010112915429640897,0.01288377496604931,0.9487947702625652
cat__Foundation_Slab,0.0013484545,0.00013926571769616757,0.01568899172454663,4.84330388484581
cat__PoolQC_None,0.0012914166,1.764137612579627e-05,0.018625346713073476,2.4928380244008297
cat__SaleType_ConLI,0.0012437241,7.674033070516142e-06,0.0,1.2162353025114025
cat__ExterQual_Fa,0.0012380311,0.00010698146232847724,0.007466661281416709,3.564178545947518
cat__Condition1_RRNn,0.0012314292,2.0176503719991976e-06,0.0050193825576601014,2.241174889412095
cat__LotShape_IR3,0.0012240384,1.873038810731432e-05,0.0,0.7981756920662012
cat__Heating_GasA,0.0011737291,0.0001828489158370258,0.0,9.060463523830144
cat__RoofMatl_Metal,0.0011133942,2.972426110052498e-08,0.0,0.0
cat__RoofMatl_Tar&Grv,0.0010430082,1.711282312748638e-06,0.006499758292646485,1.4608935859018246
cat__BsmtFinType2_GLQ,0.0010049423,6.958402848025867e-07,0.0,2.099943439640403
cat__RoofStyle_Gambrel,0.0009061198,2.478856246713883e-05,0.0,0.7654501462614135
cat__Condition2_Norm,0.00086243707,2.0508381980804675e-06,0.0,8.619335027825478
cat__RoofMatl_WdShngl,0.0008329592,1.5060106796601878e-06,0.0,4.772075074914695
cat__Heating_GasW,0.00075427233,6.887512053393004e-05,0.0,3.6125557577052434
cat__RoofStyle_Mansard,0.0007388166,7.4908548621857735e-06,0.0,1.5686914597598716
cat__GarageQual_Gd,0.0007322712,2.7462345285563285e-07,0.0,1.0610622859586447
cat__Foundation_Wood,0.0007283841,1.8280511428210341e-07,0.0,3.1832529787387065
cat__Electrical_None,0.00066776644,2.251314398182915e-07,0.0,0.0
cat__MSZoning_RH,0.0006663145,5.55630436224228e-05,0.007628935456414965,1.944759863727269
cat__ExterCond_Fa,0.00066083745,0.0001734092652254081,0.013924146014364425,0.4759697488584353
cat__MSSubClass_180,0.0006427915,1.9866975867053585e-06,0.0044262176498492956,1.5413529359303775
cat__MSSubClass_40,0.0006220741,5.313906093591889e-07,0.007885414704193794,0.9695904858733058
cat__Exterior2nd_Stone,0.0005726097,9.201272387185426e-06,0.0,0.9923719677511347
cat__Exterior1st_CBlock,0.0005638458,2.79559460469447e-06,0.0,0.0
cat__Exterior2nd_CBlock,0.0005638458,2.79559460469447e-06,0.009277966243846247,0.0
cat__Exterior2nd_AsphShn,0.00054312765,6.954358063772462e-06,0.0,0.0
cat__ExterCond_Ex,0.00053846394,6.010420264204069e-06,0.0030676400110438706,0.1538804045376941
cat__SaleType_Oth,0.00041796314,2.5112981075894456e-06,0.0014108792136251491,0.7167185002853991
cat__Condition1_RRNe,0.00037226308,1.7775236938513022e-06,0.0,0.004958618721461187
cat__Street_Pave,0.00035985617,3.407815219866009e-06,0.0,0.6584847138983937
cat__Street_Grvl,0.0003598461,3.4078152198660082e-06,0.0,0.6675039954337824
cat__Heating_Floor,0.00032064226,9.401882228391123e-06,0.0,0.0
cat__Heating_Grav,0.0002955241,5.414941999127146e-05,0.0,2.169470105593881
cat__Utilities_AllPub,0.00027901662,1.0959950002516579e-08,0.00037073769827888903,0.0
cat__Utilities_NoSeWa,0.00027900987,1.0959950002516569e-08,0.0,0.0
cat__Condition2_Feedr,0.00027667076,1.5668935398650643e-05,0.004926394653226973,1.962424300799098
cat__SaleType_ConLw,0.0002549342,8.355018803707643e-08,0.0,0.0918660459474874
cat__SaleCondition_AdjLand,0.0002504529,3.1062887555709424e-05,0.0,1.033839237300328
cat__Foundation_Stone,0.0002289481,1.1276957100397067e-05,0.011598263813693999,0.09664551227169588
cat__Condition2_PosN,0.00022603074,2.9798434844806025e-05,0.0,1.6792362835328507
cat__HeatingQC_Po,0.00021876418,7.87722891264557e-06,0.006213540930274819,0.0
cat__HouseStyle_1.5Unf,0.00019899238,6.659659185704743e-05,0.009776812833206971,0.41452322345880216
cat__RoofStyle_Shed,0.00019098869,1.1913823538514013e-07,0.0,0.0
cat__MSSubClass_45,0.00015819145,5.190423914322647e-05,0.0036170839214784145,1.1050255244009592
cat__Exterior1st_Stone,0.00015763099,1.4439999968220363e-08,0.0074481890307219745,0.576211668807062
cat__Neighborhood_Blueste,0.00014502075,3.412239182811729e-07,0.002828799332099341,0.18919609731734896
cat__HouseStyle_2.5Fin,0.0001445474,5.629541178487724e-06,0.004071599344353194,0.5592866188641876
cat__Exterior1st_AsphShn,0.00010742008,1.1534879566412215e-05,0.002375076151327815,0.0
cat__GarageQual_Po,8.196135e-05,1.4612934068516095e-05,0.0023877858647542993,0.0980988156392646
cat__Condition2_Artery,8.072189e-05,8.685150751259924e-06,0.010730147196631012,0.6914260666381036
cat__Condition2_RRAn,7.7958415e-05,3.3913345492725663e-07,0.012256320640778418,0.0
cat__RoofMatl_Roll,6.525804e-05,3.489726010861102e-06,0.0,0.0
cat__Heating_OthW,6.0295675e-05,2.249844217543562e-05,0.0,0.0
cat__Heating_Wall,5.951079e-05,3.654365722937331e-05,0.0,0.12331298159247478
cat__PoolQC_Fa,4.659167e-05,8.982746260999015e-07,0.0,0.8030482662673963
cat__RoofMatl_WdShake,3.8590955e-05,1.8028353081971235e-06,0.0,0.10663900185502921
cat__MiscFeature_Othr,2.623454e-05,2.3549001170719654e-05,0.0,0.06721634203767442
cat__MiscFeature_TenC,2.5225349e-05,1.3621781381194231e-06,0.007643508288083134,0.0
cat__Exterior1st_ImStucc,1.9951864e-05,2.4173217530665105e-06,0.007541714937498778,0.0
cat__PoolQC_Gd,8.484554e-06,1.6889346339748964e-05,0.0005831907450051244,0.00948710402397526
cat__RoofMatl_ClyTile,8.484554e-06,2.902991488754392e-05,0.0,0.0
cat__Condition2_RRAe,3.936572e-06,1.5901128631712943e-07,0.0,0.0
cat__MiscFeature_Gar2,3.936572e-06,1.5901128631712943e-07,0.0,0.06451883561643809
cat__BsmtCond_Po,2e-08,1.4648595943193371e-05,0.0,0.002366384845892803
cat__Exterior2nd_Other,2e-08,8.022530827060483e-06,0.00560274951739026,0.0
cat__ExterCond_Po,2e-08,7.109084757187526e-06,0.0,0.0
